sim_time_s,n_search_points,downsample_time_ms,pca_time_ms
0.7328989505767822,50,3.8490419974550605,22.135891995276324
0.929255485534668,50,9.381921001477167,35.593913999036886
1.0043671131134033,50,3.3136470010504127,21.559551008976996
1.0983142852783203,50,1.6159869992407039,9.315758987213485
1.3628113269805908,50,4.693048002081923,23.736889997962862
1.4972550868988037,50,3.450267991865985,19.14856699295342
1.6156530380249023,50,2.4541410093661398,28.85024598799646
1.7047317028045654,50,2.0810270070796832,17.11224901373498
1.9332094192504883,50,4.380855010822415,24.87154700793326
2.006129264831543,50,1.605754005140625,9.351065004011616
2.2479591369628906,50,4.828232995350845,25.17086900479626
2.4468514919281006,50,3.549527013092302,21.57489700766746
2.628936290740967,50,5.7985059975180775,27.099200000520796
2.7224795818328857,50,2.7174139977432787,32.14299600222148
2.8183140754699707,50,1.9601399981183931,18.85792000393849
2.9456064701080322,50,2.3178639967227355,18.161619998863898
3.047020196914673,50,2.0944790012435988,20.758752012625337
3.349935531616211,50,3.234172996599227,17.434253997635096
3.423776865005493,50,2.4100279988488182,32.06655499525368
3.517191171646118,50,1.3842500047758222,16.865986995981075
3.6220319271087646,50,1.8893219967139885,32.22989999630954
3.8547563552856445,50,3.467337999609299,20.091578000574373
4.04300856590271,50,3.7008520012022927,20.706706010969356
4.11575174331665,50,2.0996960083721206,16.43153899931349
4.218567371368408,50,2.096101001370698,30.42599599575624
4.316838502883911,50,2.4083259922917932,18.528109998442233
4.419678688049316,50,2.0786620007129386,18.33917600743007
4.5233142375946045,50,2.0111339981667697,19.80045100208372
4.6660425662994385,50,2.026566013228148,14.950954995583743
4.786302089691162,50,3.1564780074404553,13.537434002500959
4.911186218261719,50,2.8237849910510704,16.760867001721635
5.140146255493164,50,4.43754400475882,37.641081988113
5.56021785736084,50,4.048835005960427,48.0647799995495
5.726369380950928,50,4.257843989762478,32.38753700861707
5.876246452331543,50,3.7237609940348193,60.72553200647235
6.141062021255493,50,3.1358080013887957,29.6570460050134
6.533074140548706,50,4.588893003528938,27.198108000447974
6.745146989822388,50,6.338692008284852,33.96637899277266
6.911303281784058,50,2.314876008313149,16.53163599257823
7.064075708389282,50,3.3898419933393598,35.71965798619203
7.182554721832275,50,3.8298889994621277,49.65680799796246
7.367828130722046,50,3.9852139889262617,32.93257199402433
7.488478660583496,50,3.498523001326248,30.694676999701187
7.6025965213775635,50,4.236048000166193,33.84725899377372
7.802255153656006,50,4.123327002162114,34.702503005973995
7.908907413482666,50,3.845539002213627,31.718263009679504
8.164426565170288,50,6.360232990118675,35.51804799644742
8.279979467391968,50,3.553991991793737,46.17727399454452
8.665764570236206,50,4.261706999386661,27.904085000045598
8.752772808074951,50,3.182839005603455,28.109724997193553
8.860840082168579,50,2.645971006131731,23.553692997666076
9.006534814834595,50,3.421055997023359,43.206499991356395
9.165699243545532,50,3.8083599938545376,42.55446000024676
9.287601232528687,50,3.7166730035096407,34.14952399907634
9.467178344726562,50,4.695478011853993,33.08957300032489
9.661659002304077,50,4.653395997593179,29.15903300163336
9.775759220123291,50,3.8594999932684004,43.31536899553612
9.86906909942627,50,2.578990999609232,16.481366998050362
9.99619460105896,50,2.8984840027987957,16.579250994254835
10.144055366516113,50,3.553337010089308,45.59786801110022
10.236642599105835,50,4.004906004411168,31.893294013570994
10.424314498901367,50,6.535613996675238,35.92137100349646
10.589293956756592,50,3.311246997327544,18.584024990559556
10.710241079330444,50,2.9518869996536523,17.455521010560915
10.843683958053589,50,3.903737000655383,50.04241100687068
10.945934295654297,50,4.0240249945782125,32.27609000168741
11.236284732818604,50,3.92034299147781,41.42766298900824
11.359858512878418,50,4.147722997004166,33.13011600403115
11.48859977722168,50,3.7586809921776876,33.071433994336985
11.576786041259766,50,3.8018120103515685,32.69806399475783
11.718974351882935,50,3.7548120017163455,38.10257400618866
11.825152158737183,50,4.30249200144317,41.62350599654019
11.984981775283813,50,3.1911949918139726,18.922807998023927
12.135241746902466,50,4.468007988180034,43.67089900188148
12.272482633590698,50,3.7740650004707277,48.65921400778461
12.616154670715332,50,3.686162002850324,19.3481989990687
12.759162425994873,50,3.4194280015071854,44.18299700773787
13.05569338798523,50,2.9650630021933466,26.645188991096802
13.235419750213623,50,3.3277369948336855,28.41715000977274
13.378326654434204,50,4.241521994117647,55.95602499670349
13.552532434463501,50,5.637805996229872,39.688399992883205
13.654824495315552,50,3.1095690064830706,39.484424007241614
13.83815336227417,50,4.7138850059127435,31.464801999391057
13.953136682510376,50,3.720416993019171,30.671012995298952
14.119560241699219,50,2.6859950012294576,16.54848799807951
14.358522653579712,50,3.9967760094441473,32.13001000403892
14.46335482597351,50,3.3888639882206917,33.36632599530276
14.668046474456787,50,3.3066449977923185,29.48560900404118
14.878850221633911,50,4.043242006446235,27.801713004009798
15.182413339614868,50,5.878131996723823,30.75000199896749
15.277519702911377,50,3.249884000979364,28.982050003833137
15.444631814956665,50,2.5124109961325303,15.649417997337878
15.599800825119019,50,3.727135990629904,33.44370098784566
15.832881927490234,50,5.181721993722022,44.74227299215272
15.999581336975098,50,3.238920005969703,31.040561996633187
16.32522678375244,50,5.447396993986331,29.072864999761805
16.526406288146973,50,3.7591060099657625,26.792958000442013
16.636354207992554,50,3.9956010004971176,30.786115006776527
16.827454328536987,50,3.226671993616037,42.232918000081554
16.94102191925049,50,3.975622996222228,30.10899299988523
17.122312784194946,50,4.570667995722033,30.024314008187503
17.227968215942383,50,3.2552390039199963,29.14832798705902
17.465764045715332,50,4.645610999432392,41.07214600662701
17.61996579170227,50,3.163439003401436,29.32945400243625
17.719109058380127,50,2.6500999956624582,14.921220994438045
17.874479055404663,50,3.4249849995831028,31.927884003380314
18.0396728515625,50,5.024675003369339,19.770218001212925
18.172621488571167,50,2.766784993582405,16.80965100240428
18.32497811317444,50,2.8295459924265742,23.92028500617016
18.45797085762024,50,4.006907998700626,41.70636800699867
18.6275372505188,50,3.757284997846,33.09735198854469
18.936928033828735,50,3.442718996666372,27.95767800125759
19.055265426635742,50,3.705274997628294,36.390256995218806
19.17066764831543,50,3.6565189948305488,35.53954800008796
19.38019347190857,50,3.84652400680352,49.28342500352301
19.585166692733765,50,3.771078001591377,33.418609004002064
19.716147422790527,50,3.8544830022146925,38.163216013344936
19.838058710098267,50,3.8302320026559755,34.260520013049245
19.9909725189209,50,4.119707009522244,82.39487699756864
20.32425284385681,50,2.9314069979591295,14.178803001414053
20.630014181137085,50,3.50087700644508,37.14775799016934
20.7432644367218,50,3.233445997466333,28.825076995417476
20.862139463424683,50,2.967535998323001,19.4228030013619
21.088199138641357,50,3.47995400079526,41.23224700742867
21.191580295562744,50,4.4067970011383295,35.98746100033168
21.477791786193848,50,3.8958749937592074,41.39485199993942
21.596174716949463,50,3.3363699913024902,30.439583002589643
21.708799600601196,50,4.08151101146359,36.186979996273294
21.87692928314209,50,3.354226006194949,19.27252099267207
22.014427185058594,50,3.7210230075288564,35.63990800466854
22.185969591140747,50,3.3341880043735728,19.42061299632769
22.29986262321472,50,2.721755998209119,16.122216009534895
22.479400634765625,50,3.066886987653561,15.788275995873846
22.60365390777588,50,2.7656150050461292,16.591367006185465
22.935214519500732,50,5.775466997874901,37.2705589979887
23.224215269088745,50,3.6111499939579517,31.20885300450027
23.417641401290894,50,4.597078004735522,22.402891991077922
23.634003162384033,50,3.211734991054982,27.92703099839855
23.738842248916626,50,3.4470109967514873,34.63385300710797
23.98079252243042,50,2.4923449964262545,19.50370499980636
24.117626667022705,50,2.931334005552344,17.53868999367114
24.235162496566772,50,2.7741539961425588,27.903384005185217
24.463536500930786,50,4.0853749960660934,37.37457199895289
24.651615858078003,50,3.740742991794832,19.40221499535255
24.77332353591919,50,3.409520009881817,31.67046999442391
25.081608772277832,50,4.064382999786176,36.22004699718673
25.225805521011353,50,6.367744994349778,49.89557800581679
25.425984621047974,50,3.270999004598707,55.09096499008592
25.72402286529541,50,5.2050509984837845,31.57674400426913
25.8336763381958,50,3.1392539967782795,37.99903100298252
25.97624969482422,50,3.2943179976427928,15.69685099821072
26.239350080490112,50,4.554879997158423,29.621160007081926
26.3446102142334,50,4.089793001185171,30.59967700392008
26.435553073883057,50,3.4145250101573765,29.241206997539848
26.663262128829956,50,6.493456006865017,43.43157100083772
26.778518199920654,50,3.4698280069278553,43.822531995829195
26.935637712478638,50,3.1382439919980243,24.38730699941516
27.049078226089478,50,2.7129450027132407,15.629333996912464
27.181516408920288,50,5.472636010381393,47.349487998872064
27.38865089416504,50,4.094141011592001,36.497776993201114
27.51745080947876,50,6.626890986808576,41.66382800030988
27.685188055038452,50,4.268220989615656,39.72080298990477
27.78926420211792,50,3.5812370042549446,24.445991992251948
27.92485761642456,50,4.060305000166409,50.73268699925393
28.12966775894165,50,3.6645590007537976,49.62867998983711
28.32508873939514,50,3.3139919978566468,41.558395998436026
28.448751211166382,50,3.8200269918888807,32.31948599568568
28.57843780517578,50,5.141551999258809,37.69812900281977
28.773897647857666,50,4.339983002864756,33.329397992929444
28.945855140686035,50,3.6058330006198958,32.13970799697563
29.077508211135864,50,3.683422997710295,41.86424599902239
29.256802320480347,50,4.70783599303104,32.9947779973736
29.479671955108643,50,3.7496550066862255,24.44947900949046
29.558851957321167,50,3.83053399855271,19.463500997517258
29.69025182723999,50,4.5256890007294714,38.19783999642823
29.895869731903076,50,8.636990009108558,38.34711298986804
30.04291534423828,50,3.155603990308009,19.67225200496614
30.408092260360718,50,11.743877999833785,60.40486300480552
30.64630937576294,50,2.77905999973882,18.73576499929186
30.756120204925537,50,3.076930996030569,20.853299996815622
30.920658111572266,50,5.715712992241606,45.190314995124936
31.127037048339844,50,7.929615007014945,44.14407200238202
31.334287643432617,50,6.687703993520699,40.41562500060536
31.520628690719604,50,5.366051002056338,40.349126007640734
31.693028211593628,50,10.96861599944532,59.12669400277082
31.85894536972046,50,6.530105994897895,62.15927099401597
32.068950176239014,50,10.700521990656853,53.374502997030504
32.50527811050415,50,7.74554000236094,47.5881509919418
32.67712759971619,50,6.167405997985043,26.329544998588972
32.79104924201965,50,6.214991997694597,29.415398006676696
32.92656397819519,50,9.61502199061215,59.651779010891914
33.240370988845825,50,8.883476999471895,52.56122900755145
33.653515577316284,50,10.139389007235877,53.11619400163181
33.81723761558533,50,5.8290330052841455,32.175796004594304
34.28499913215637,50,15.104953999980353,60.493446988402866
34.51596117019653,50,11.15805898734834,79.89782400545664
34.87131381034851,50,20.76045899593737,107.52391199639533
35.25661015510559,50,16.25904900720343,77.82035200216342
35.6812379360199,50,8.162566999089904,31.96041300543584
35.9772584438324,50,18.2190380000975,84.59563901124056
36.257166624069214,50,15.734615008113906,63.91499000892509
36.473013162612915,50,17.901640007039532,62.25807000009809
36.75438475608826,50,15.423395001562312,47.21398500259966
37.09681463241577,50,23.45266900374554,56.833448994439095
37.41264081001282,50,20.23135600029491,82.61204400332645
37.69722032546997,50,21.885947993723676,63.592384991352446
37.93062353134155,50,22.015527996700257,71.10494500375353
38.7867751121521,50,32.48909499961883,114.83611499716062
39.50776433944702,50,22.159704007208347,60.90176101133693
39.702733516693115,50,22.74375299748499,62.81290300830733
39.86672878265381,50,13.88059499731753,37.75580400542822
40.12825012207031,50,25.710563990287483,67.55025099846534
40.4512619972229,50,21.4640589983901,73.36201900034212
40.74903178215027,50,43.83948400209192,72.95285699365195
41.13254117965698,50,23.299414009670727,69.72089300688822
41.55895757675171,50,24.197407998144627,90.3084870078601
42.07557392120361,50,12.521494994871318,88.22385400708299
42.46527314186096,50,19.945990992709994,57.65296799654607
42.753724098205566,50,19.408469990594313,55.810354999266565
43.01919150352478,50,16.75873099884484,35.89779499452561
43.26314306259155,50,24.60922500176821,61.11488699389156
43.79546880722046,50,18.337998000788502,62.65356601215899
44.20180320739746,50,16.82683199760504,73.8554230047157
44.45392322540283,50,18.559852993348613,36.62637800152879
44.74515080451965,50,21.582967005087994,114.58557800506242
45.424888372421265,50,21.145994003745727,60.29818599927239
45.6713502407074,50,10.508022998692468,33.71478400367778
46.1065628528595,50,18.22478299436625,48.342298992793076
46.43355917930603,50,25.02675200230442,77.0970879966626
46.69324493408203,50,15.442099000210874,49.517723004100844
46.9232702255249,50,24.616456008516252,45.68540600303095
47.236613512039185,50,25.831541992374696,52.99750300764572
47.41001510620117,50,14.558243012288585,52.25717699795496
47.835387229919434,50,20.006922000902705,51.044406995060854
48.116411209106445,50,13.774849998299032,32.88602900283877
48.28273820877075,50,11.123823001980782,32.20739199605305
48.5432243347168,50,25.848094999673776,46.12889399868436
48.94955277442932,50,21.59238900640048,65.89345999236684
49.17283058166504,50,23.46543100429699,81.90303698938806
49.557310581207275,50,25.86587601399515,51.62356499931775
49.84218215942383,50,18.2171019987436,51.336534001166
50.259138107299805,50,28.20485399570316,52.77399999613408
50.52420377731323,50,17.81472000584472,33.37484199437313
50.94972014427185,50,19.664942999952473,43.05213699990418
51.26545834541321,50,18.523804013966583,47.728833989822306
51.57109880447388,50,26.20867799851112,48.70278199086897
51.97079610824585,50,19.616386998677626,45.83487099444028
52.27974462509155,50,30.61296700616367,48.65458799758926
52.508989334106445,50,9.118472997215576,27.790721011115238
52.77222681045532,50,19.72035200742539,52.33212000166532
53.07283806800842,50,18.40353599982336,55.518125009257346
53.464075326919556,50,17.00629100378137,36.37442299805116
53.77824640274048,50,21.70043000660371,51.16959099541418
54.19988203048706,50,27.57429399935063,59.78209400200285
54.546433448791504,50,14.283787997555919,27.644734000205062
54.75607895851135,50,13.799174994346686,29.40088299510535
54.966578006744385,50,17.043410989572294,39.345665005384944
55.27199339866638,50,15.066327003296465,48.892046994296834
55.71637487411499,50,15.467071993043646,53.999355994164944
56.10617256164551,50,18.469507005647756,50.92506200890057
56.49784731864929,50,18.933373998152092,49.656441988190636
56.87063002586365,50,23.631830990780145,30.759936998947524
57.1547532081604,50,13.41580500593409,30.62208699702751
57.477946758270264,50,15.929988992866129,47.846280998783186
57.972805976867676,50,18.974844002514146,32.48933199211024
58.21460223197937,50,30.989524006145075,58.37298100232147
58.49738597869873,50,13.512938996427692,48.54186100419611
58.95157027244568,50,14.367747004143894,74.67408799857367
59.21599054336548,50,12.404698005411774,60.63031700614374
59.71452975273132,50,21.160848991712555,49.44189099478535
60.00060558319092,50,16.67443200130947,45.263849999173544
60.42312479019165,50,21.820670997840352,51.659870994626544
60.71613097190857,50,23.821107010007836,50.7770700060064
61.02062225341797,50,21.93448899197392,47.83290698833298
61.40160632133484,50,15.415629008202814,53.372736991150305
61.590272188186646,50,15.458987996680662,30.289694012026303
61.81109380722046,50,16.718632003176026,48.74958298751153
62.226691007614136,50,19.081074991845526,48.44472400145605
62.51562190055847,50,14.166773005854338,32.87632099818438
62.84231996536255,50,20.221800994477235,41.33692900359165
63.13123154640198,50,13.398982991930097,41.32297998876311
63.443763256073,50,15.095797993126325,60.15288799244445
63.73459482192993,50,14.896031003445387,45.79960700357333
64.16067719459534,50,20.240152007318102,59.86841100093443
64.53693866729736,50,16.167777008377016,30.19394600414671
64.85790944099426,50,22.532050003064796,50.940765999257565
65.25664234161377,50,19.171369989635423,62.246151006547734
65.62582635879517,50,16.844691010192037,38.21021800104063
65.89510846138,50,11.122786003397778,31.151854011113755
66.08173894882202,50,14.126317008049227,70.0691269885283
66.66211318969727,50,29.436902987072244,47.51319799106568
66.9866852760315,50,30.872885006829165,65.2172510017408
67.47249603271484,50,26.418014007504098,40.5176019994542
67.77578783035278,50,13.3013370068511,38.59121599816717
68.0731840133667,50,13.504622009349987,59.51600900152698
68.36855244636536,50,14.143615000648424,39.53435599396471
68.6052918434143,50,14.841322001302615,52.34071500308346
69.33592462539673,50,19.558304993552156,45.856248994823545
69.9143455028534,50,16.175602999283,46.25536099774763
70.43638253211975,50,19.27086300565861,44.22248400805984
70.69102811813354,50,16.913521001697518,45.131243008654565
70.87569165229797,50,11.106254998594522,34.07967300154269
71.11192750930786,50,14.905847987392917,56.32150699966587
71.55802536010742,50,21.368360990891233,61.872816004324704
71.93766784667969,50,17.86307999282144,47.6494559989078
72.24934720993042,50,20.03097700071521,48.3533759979764
72.7179925441742,50,31.044616989674978,43.021888996008784
73.09724760055542,50,19.225758005632088,32.11092500714585
73.32947707176208,50,22.165114001836628,49.46963000111282
73.63797497749329,50,20.17116300703492,59.28152200067416
73.91807198524475,50,16.737597004976124,48.88049198780209
74.18105816841125,50,9.468176998780109,32.83273799752351
74.74555468559265,50,17.319579012109898,42.22790399217047
75.14760565757751,50,23.54908200504724,62.23950600542594
75.41652059555054,50,25.448508997214958,38.46614799113013
75.83402156829834,50,18.36358899890911,43.93568400701042
76.19603514671326,50,10.984093009028584,22.808950991020538
76.50266909599304,50,14.206015999661759,27.61547100089956
76.78761553764343,50,13.096173002850264,29.392340991762467
77.12125134468079,50,17.98342599067837,37.643670992110856
77.52740502357483,50,11.584040999878198,32.97545199166052
77.84630823135376,50,16.171976996702142,66.70150200079661
78.15017867088318,50,21.922275991528295,70.4528839996783
78.63720870018005,50,18.895054003223777,46.98705299233552
78.99432682991028,50,13.239330000942573,34.449808998033404
79.36336588859558,50,17.710504005663097,54.50048399507068
79.73814725875854,50,17.202472998178564,49.31088398734573
80.14186573028564,50,20.82593599334359,53.58023798908107
80.65129065513611,50,17.895802011480555,43.991352009470575
80.99920582771301,50,13.07560499117244,29.800894000800326
81.2197949886322,50,15.065355997649021,32.60561899514869
81.63530707359314,50,13.421584997558966,29.522234995965846
81.85313630104065,50,17.500938003649935,55.3375320014311
82.23341727256775,50,15.240902008372359,33.78699599124957
82.58979821205139,50,22.222519997740164,62.00157899002079
82.8876895904541,50,13.90880299732089,56.70963699230924
83.33066534996033,50,16.91233299789019,30.960547999711707
83.53227233886719,50,12.747524000587873,32.129617989994586
83.881338596344,50,18.451379000907764,63.21064999792725
84.27803087234497,50,22.435065999161452,52.26902700087521
84.63344526290894,50,12.169331996119581,29.219315998489037
84.87977695465088,50,17.28589300182648,51.7760009970516
85.1460268497467,50,14.792513000429608,34.01727200252935
85.58716702461243,50,20.799924997845665,45.61261599883437
86.07523798942566,50,26.894933005678467,35.69196800526697
86.40161848068237,50,19.88286999403499,49.9469600035809
86.66410779953003,50,14.59495500603225,48.48024500824977
87.09081292152405,50,20.996931998524815,47.23868198925629
87.37041306495667,50,18.69067300867755,34.33170598873403
87.66832613945007,50,12.789952990715392,32.752362996689044
87.95448637008667,50,16.48143799684476,30.720260998350568
88.202308177948,50,18.107939991750754,45.046771003399044
88.60373258590698,50,19.872871998813935,59.3553740036441
88.94341731071472,50,12.304885996854864,29.401726002106443
89.28925728797913,50,16.419883002527058,42.914108009426855
89.7016088962555,50,18.252965004649013,45.60614099318627
90.08996486663818,50,17.760450995410793,53.81850000412669
90.37770509719849,50,19.42023199808318,34.50387000339106
90.8086953163147,50,22.460182997747324,49.86930498853326
91.06079602241516,50,9.925085003487766,32.92197499831673
91.59199714660645,50,12.134660995798185,47.43253599735908
92.1645359992981,50,15.005766996182501,24.19825100514572
92.58612203598022,50,16.106420996948145,40.97238199028652
92.88652634620667,50,17.436726004234515,27.91869398788549
93.31078481674194,50,18.49822599615436,44.281767011852935
93.89796495437622,50,16.741483996156603,26.811237999936566
94.19464874267578,50,14.572195999789983,52.82351699133869
94.6073944568634,50,19.36392100469675,54.693400001269765
94.8674738407135,50,11.18141898768954,31.668861003709026
95.2787082195282,50,15.464240001165308,25.686460998258553
95.80484700202942,50,18.183328007580712,43.739308006479405
96.09914541244507,50,18.31800999934785,47.92545399686787
96.35813021659851,50,9.270260998164304,30.303157996968366
96.79306316375732,50,12.617334999958985,27.7889800054254
97.1876060962677,50,19.402970996452495,31.326368989539333
97.6020884513855,50,17.69859599880874,44.89627599832602
98.12939524650574,50,44.949122006073594,53.573286000755616
98.64154100418091,50,25.28075200098101,47.95282200211659
99.06273674964905,50,24.978460001875646,67.5283639866393
99.48380422592163,50,21.803703988553025,71.80802099173889
100.06774663925171,50,21.524191004573368,43.53026900207624
100.38852739334106,50,16.279298011795618,79.41809999465477
101.02081346511841,50,10.712517003412358,26.667622005334124
101.3346118927002,50,12.317082000663504,38.709842003299855
101.76042175292969,50,24.255570999230258,44.063179011573084
102.17448449134827,50,16.243099002167583,55.89112400775775
102.56365728378296,50,14.645431001554243,48.45566500443965
102.99520182609558,50,15.286095003830269,55.249915007152595
103.48109889030457,50,12.940871005412191,48.400957995909266
103.98183465003967,50,20.01567999832332,34.06839100352954
104.48969841003418,50,15.967433006153442,47.8013510000892
104.88323521614075,50,17.7967979980167,43.52440500224475
105.39277529716492,50,20.248318993253633,42.74619900388643
105.78669428825378,50,21.747998005594127,44.86277999239974
106.3900637626648,50,9.77244699606672,55.2101759967627
106.68268728256226,50,20.07979700283613,33.333742001559585
107.10495376586914,50,11.697543988702819,46.46447599225212
107.47421193122864,50,16.137900995090604,30.322375998366624
107.9110221862793,50,26.07374200306367,45.785498994519
108.20874881744385,50,17.914809999638237,48.825845995452255
108.69989895820618,50,22.74506700632628,40.58269099914469
108.97499680519104,50,14.678221006761305,30.771281002671458
109.35036873817444,50,25.515674002235755,58.69903299026191
109.6851863861084,50,13.9805439976044,28.099727991502732
109.99513459205627,50,18.98274499399122,39.436067003407516
110.34760999679565,50,18.74637699802406,52.797102005570196
110.75620007514954,50,28.143890012870543,51.80425100843422
111.12872886657715,50,15.848848008317873,31.34272899478674
111.37233781814575,50,25.953042990295216,49.07371300214436
111.76113414764404,50,19.203005998861045,51.91110300074797
112.1657383441925,50,19.952522998210043,46.132318006129935
112.67484307289124,50,23.77906598849222,63.137603996437974
113.20723867416382,50,19.36505999765359,86.08327199181076
113.54376149177551,50,14.712837000843138,30.227091003325768
113.87602257728577,50,20.17100199009292,53.86476199782919
114.24482750892639,50,14.700407991767861,32.978393996017985
114.97213578224182,50,17.146665006293915,29.11889499227982
115.1765832901001,50,23.70434399927035,44.1339179960778
115.6006760597229,50,16.757037010393105,44.16140200919472
116.16704630851746,50,16.160732993739657,43.20066500804387
116.48142147064209,50,14.883101001032628,52.43538499053102
116.82877016067505,50,24.678335001226515,86.22356200066861
117.21937370300293,50,19.070844995439984,61.15440299618058
117.71538305282593,50,19.86147600109689,47.27760099922307
118.03955554962158,50,22.55760700791143,64.62057400494814
118.45189309120178,50,23.243828996783122,57.39413000992499
118.83170795440674,50,21.612090000417084,36.06627399858553
119.28533625602722,50,31.25484799966216,50.809276988729835
119.63593673706055,50,14.590006991056725,42.64280499774031
120.06118035316467,50,17.475885004387237,46.46008400595747
120.42829275131226,50,12.803591991541907,44.866540003567934
120.86392021179199,50,19.230431993491948,48.93525500665419
121.47173047065735,50,19.277116996818222,45.430138998199254
121.75098180770874,50,14.93981400562916,44.556998007465154
122.25723791122437,50,13.58655899821315,39.151870005298406
122.76095461845398,50,18.884706005337648,59.87888100207783
123.2699511051178,50,13.712880987441167,45.282039005542174
123.85553789138794,50,14.626250995206647,49.313829993479885
124.15675687789917,50,14.55156299925875,46.436024000286125
124.56463527679443,50,14.110343006905168,32.68082800786942
124.86342406272888,50,16.23829299933277,52.909930993337184
125.71026754379272,50,20.85727799567394,61.42376799834892
126.11037969589233,50,20.717685998533852,60.24438499298412
126.4925639629364,50,14.027825993252918,39.828642999054864
126.92020010948181,50,19.111461006104946,46.09950800659135
127.36873698234558,50,22.17157100676559,45.36401299992576
127.95896911621094,50,17.705694001051597,56.79211100505199
128.68961119651794,50,11.250532988924533,78.59709799231496
128.93421030044556,50,13.91565499943681,50.61785600264557
129.4786822795868,50,17.29317799618002,68.10140400193632
129.86046409606934,50,23.630937008420005,48.00851301115472
130.35306000709534,50,12.140847000409849,29.209925996838138
130.55865287780762,50,15.159084010520019,33.329213998513296
130.87650084495544,50,18.636887994944118,58.4299800102599
131.3462519645691,50,34.47134899033699,76.05092599987984
132.00076842308044,50,90.66181399975903,38.68232500099111
132.4136312007904,50,21.869518008315936,54.952828999375924
132.83153438568115,50,21.63559700420592,49.812776007456705
133.54200100898743,50,20.866332997684367,48.236981994705275
133.8271701335907,50,20.119367996812798,49.9094279948622
134.19565653800964,50,16.294895991450176,48.157762008486316
134.52309107780457,50,20.121755995205604,65.72620900988113
134.9247362613678,50,17.027550013153814,52.815592993283644
135.31883072853088,50,19.319390004966408,59.11535098857712
136.04814505577087,50,16.319356000167318,45.61612001270987
136.54360222816467,50,18.83379700302612,56.51760801265482
136.91120076179504,50,12.439555997843854,34.60018499754369
137.26541996002197,50,15.96416400570888,59.75473600847181
137.67571020126343,50,25.528384998324327,53.65640600211918
137.99910354614258,50,21.049962000688538,50.982086002477445
138.37302350997925,50,23.222321004141122,61.42244600050617
138.82837462425232,50,14.962568995542824,30.67388798808679
139.3299322128296,50,52.65043000690639,58.75376399490051
139.89164185523987,50,24.029683001572266,62.441357993520796
140.58506989479065,50,19.580651991418563,55.80851499689743
141.1098690032959,50,19.57307499833405,68.38697800412774
141.70600080490112,50,14.737618999788538,48.610896003083326
142.2103192806244,50,21.719650001614355,46.38141399482265
142.62693214416504,50,22.525038992171176,52.01894800120499
143.13306951522827,50,19.65434600424487,63.499581010546535
143.55929923057556,50,19.680903002154082,56.50081600470003
144.1660225391388,50,16.101728004286997,71.32124100462534
144.62254762649536,50,17.12398800009396,31.497339004999958
145.10398030281067,50,28.341081997496076,35.74893801123835
145.43105506896973,50,21.248939010547474,32.412665997981094
145.7505078315735,50,20.86663999943994,33.89061099733226
146.04472875595093,50,20.996161008952186,35.313579996000044
146.6063301563263,50,17.43453099334147,70.44956499885302
147.22567582130432,50,11.508049006806687,30.27960601320956
147.61605548858643,50,23.42549301101826,86.80303499568254
148.1769986152649,50,15.349396999226883,33.41185599856544
148.62990880012512,50,20.33041199319996,62.91235399839934
149.25782942771912,50,18.288033999851905,84.68160100164823
149.82977271080017,50,20.85385800455697,67.49370400211774
150.2132270336151,50,22.91582200268749,48.561654999502935
150.68340134620667,50,21.519885005545802,37.65497299900744
151.29470562934875,50,13.619331002701074,31.652290010242723
151.73240661621094,50,21.053589996881783,70.32843898923602
152.61925339698792,50,17.491947990492918,44.02832800406031
153.48066759109497,50,26.631822998751886,62.176423001801595
154.02659964561462,50,19.359244004590437,77.3083780077286
154.65094327926636,50,25.643303990364075,87.53626700490713
155.32970261573792,50,14.537770999595523,37.66443199128844
155.75814723968506,50,16.661100002238527,43.05949600529857
156.37626719474792,50,19.975331000750884,55.018579005263746
156.7430510520935,50,16.425409994553775,59.12457600061316
157.23980569839478,50,14.312783008790575,48.755049996543676
157.816654920578,50,9.978579997550696,36.14893300982658
158.18270754814148,50,16.045244003180414,57.940464990679175
158.71892976760864,50,10.904198003117926,85.71052899060305
159.0920934677124,50,19.574596008169465,69.23213999834843
159.78733921051025,50,20.068095007445663,57.227254001190886
160.2874631881714,50,15.496608000830747,53.350118003436364
160.78407669067383,50,18.390361001365818,62.98075200174935
161.40607571601868,50,17.365671999868937,44.30389800108969
161.97994923591614,50,13.519250001991168,35.661067013279535
162.29770874977112,50,14.029672005563043,48.585261989501305
163.00618934631348,50,19.04597200336866,52.67087199899834
163.40127539634705,50,19.49768500344362,50.68034700525459
164.18285727500916,50,14.039993999176659,44.8501989885699
164.61455702781677,50,15.750874008517712,52.49902600189671
165.3335840702057,50,28.885938008897938,46.316984997247346
165.9936602115631,50,12.570254999445751,29.143228006432764
166.5900218486786,50,16.090571996755898,30.320998004754074
166.98061060905457,50,16.257306007901207,33.999517996562645
167.90064668655396,50,18.707994007854722,27.800051000667736
168.32402873039246,50,19.573026002035476,50.75089899764862
169.03367614746094,50,11.936675000470132,64.74719301331788
169.45106101036072,50,19.09049801179208,49.654753995127976
169.76034593582153,50,22.482501997728832,66.56180799473077
170.3615527153015,50,17.715772992232814,60.08139200275764
170.7601912021637,50,19.31202900595963,51.32659600349143
171.27384686470032,50,16.845692996867,66.3934740005061
171.79366278648376,50,26.4950599957956,55.586604998097755
172.50665497779846,50,24.247473003924824,71.4738170063356
172.98458051681519,50,16.22793400019873,48.44689500168897
173.40634608268738,50,13.69333099864889,40.208728998550214
174.09722423553467,50,28.033928989316337,75.53221700072754
175.39951491355896,50,17.495223990408704,56.43402300484013
176.3023064136505,50,48.950958997011185,78.63179600099102
176.84679126739502,50,18.53347801079508,64.2850160074886
177.45849561691284,50,15.339527002652176,55.67366199102253
177.85470485687256,50,15.373349990113638,36.80209399317391
178.20519638061523,50,21.700293000321835,74.34313799603842
178.67614817619324,50,25.116799006354995,51.15288599336054
179.25554537773132,50,18.776233002427034,36.12576700106729
179.62410402297974,50,18.142052009352483,53.18100699514616
180.1583354473114,50,19.528570002876222,70.98110800143331
181.85645246505737,50,18.728612005361356,43.86770800920203
182.2025818824768,50,26.758951993542723,73.08717801060993
182.7584080696106,50,17.603581000003032,41.6280689969426
183.46470284461975,50,32.71866499562748,71.00144399737474
183.8217213153839,50,20.515451004030183,44.387675006873906
184.45181345939636,50,24.51819699490443,60.157347994390875
185.21617317199707,50,31.455903997994028,64.70045998867135
185.72829699516296,50,27.814745000796393,63.26272799924482
186.9293568134308,50,46.43117399245966,128.22625400440302
188.90059733390808,50,31.537222006591037,82.72129100805614
189.7525737285614,50,23.46987900091335,73.71818799583707
190.59138083457947,50,39.32394000003114,70.80293601029553
191.40781903266907,50,26.555881995591335,75.6655549921561
191.90285348892212,50,20.62728299642913,37.52873800112866
192.4276626110077,50,25.468745996477082,47.23572100920137
193.30493068695068,50,33.91029800695833,73.23462000931613
194.13140225410461,50,22.73126400541514,62.119165988406166
194.55942368507385,50,19.834285994875245,70.79337800678331
195.4021430015564,50,47.05609500524588,60.579655997571535
195.8986086845398,50,17.60515899513848,92.57373001310043
196.35692429542542,50,18.47857800021302,48.068297997815534
196.81843090057373,50,24.271649002912454,58.93784201180097
197.40383338928223,50,21.678999008145183,45.60741900058929
198.17171144485474,50,16.483895989949815,41.582831006962806
198.78479933738708,50,23.499622999224812,63.266622004448436
199.33904838562012,50,63.83353300043382,63.01208899822086
199.7499804496765,50,17.804574003093876,27.50153699889779
200.1431155204773,50,30.56738499435596,61.04315699485596
200.7328178882599,50,20.91372098948341,67.52094499825034
201.13221907615662,50,15.765320000355132,65.73518700315617
201.83847427368164,50,18.28598600695841,60.21499900089111
202.6882815361023,50,53.75656299293041,55.047068002750166
203.04611325263977,50,19.170432002283633,42.43712899915408
203.61078095436096,50,22.549112007254735,57.53166400245391
204.33737778663635,50,24.64579400839284,66.74969899177086
205.10572147369385,50,15.299261009204201,51.250899996375665
205.5993685722351,50,21.968968998407945,58.49225400015712
206.37628507614136,50,11.711439001373947,29.304160008905455
206.70386242866516,50,14.917940003215335,37.08382000331767
207.57847905158997,50,21.42373999231495,27.348988005542196
208.01699090003967,50,15.613843002938665,55.79540600592736
208.48969054222107,50,14.514795009745285,35.36878598970361
209.01072096824646,50,14.930124991224147,45.658989998628385
209.40680527687073,50,16.914502004510723,44.09961400961038
209.96020531654358,50,21.359026010031812,71.25383299717214
210.55281114578247,50,19.004888003109954,79.30360600585118
211.29803919792175,50,28.8561409979593,91.22317298897542
212.20604014396667,50,13.611936999950558,36.37419399456121
212.68944716453552,50,24.560185993323103,77.06272100040223
213.2838523387909,50,21.352697993279435,62.24517400551122
213.98069167137146,50,15.438588001416065,51.08185800781939
214.59092235565186,50,14.163170999381691,51.6904149990296
214.9212086200714,50,20.896043002721854,56.896102003520355
215.36912441253662,50,11.869228997966275,35.82061700581107
215.7140588760376,50,20.455552003113553,62.38754700461868
216.31170892715454,50,16.288484999677166,41.7521960043814
216.61437892913818,50,24.21232899359893,57.01924199820496
217.02818131446838,50,21.857857995200902,62.41435700212605
217.6072609424591,50,19.92198200605344,50.32719598966651
218.2314076423645,50,19.3531230033841,55.328862988972105
218.70922923088074,50,12.75491299747955,32.91244000138249
219.32976865768433,50,11.681536008836702,48.36075101047754
219.7499918937683,50,17.997446993831545,69.72833200416062
220.34102296829224,50,19.683077989611775,53.702789009548724
220.71045875549316,50,8.635892998427153,31.75966499838978
221.35715866088867,50,14.052972997887991,52.4610870052129
221.85738158226013,50,9.59704200795386,46.79069800477009
222.46458506584167,50,10.211146000074223,50.65907200332731
223.1349003314972,50,9.361757998703979,30.745366995688528
223.61797404289246,50,5.901001990423538,86.84190700296313
224.16179585456848,50,4.350121991592459,24.832202994730324
224.4909086227417,50,6.799523005611263,26.322892008465715
224.8354353904724,50,5.613279005046934,43.519685001228936
225.5653314590454,50,9.166087009361945,34.94369699910749
225.94552540779114,50,7.567670007119887,33.79504900658503
226.53609561920166,50,3.0545540066668764,13.91297900408972
226.9460699558258,50,6.062010987079702,30.014850999577902
227.43279361724854,50,3.739173000212759,8.998913006507792
227.60800909996033,50,3.4917269949801266,7.183295994764194
228.03928565979004,50,3.475173987681046,10.444268002174795
228.23734664916992,50,3.484582994133234,9.847902998444624
228.42133164405823,50,5.5170709965750575,47.80985000252258
229.19758868217468,50,2.41066500893794,21.495938999578357
229.85752892494202,50,5.657806003000587,39.49902999738697
230.5445523262024,50,2.7822419942822307,23.575487997732125
230.94631481170654,50,3.740258005564101,47.4567159981234
231.70387983322144,50,2.3613289959030226,12.849926002672873
232.76701760292053,50,3.914758999599144,29.97885200602468
233.42323422431946,50,3.0819079984212294,83.50835800229106
234.66759538650513,50,4.058256992720999,33.31416200671811
235.7666392326355,50,5.669361999025568,40.30083799443673
236.93569779396057,50,3.2777710002847016,17.802646005293354
237.63981246948242,50,3.2129559986060485,28.44052699219901
239.29101061820984,50,3.6949159984942526,44.4966319919331
239.89896965026855,50,3.468697002972476,38.43380500620697
240.72056794166565,50,3.887261002091691,19.784863994573243
241.7080008983612,50,4.020266002044082,45.03572499379516
242.9261453151703,50,3.5259789874544367,38.248358003329486
243.7645947933197,50,3.988852011389099,33.99049300060142
244.35255408287048,50,3.2594849908491597,18.846609993488528
244.93359565734863,50,2.605315006803721,16.824710997752845
245.5592861175537,50,4.189197992673144,36.09058899746742
246.09454917907715,50,3.665800002636388,47.43624999537133
247.0437877178192,50,3.8778050075052306,51.380270000663586
247.67594957351685,50,3.2476880005560815,59.9915029888507
248.61519861221313,50,5.0728130008792505,29.270795988850296
249.24829173088074,50,3.614048007875681,60.35315500048455
249.92611622810364,50,4.7531019954476506,30.13038200151641
